{
    "GWP-total": {
        "A1": 0.8378378378378378,
        "A2": 0.972972972972973,
        "A3": 1.0,
        "A1-A3": 0.9375,
        "A4": 0.9625,
        "A5": 0.9661016949152542,
        "B1": 1.0,
        "B2": 0.9285714285714286,
        "B3": 1.0,
        "B4": 1.0,
        "B5": 1.0,
        "B6": 1.0,
        "B7": 1.0,
        "C1": 0.9523809523809523,
        "C2": 0.9431818181818182,
        "C3": 0.9302325581395349,
        "C4": 0.872093023255814,
        "D": 0.9325842696629213
    },
    "GWP-fossil": {
        "A1": 0.8529411764705882,
        "A2": 0.9705882352941176,
        "A3": 1.0,
        "A1-A3": 0.9423076923076923,
        "A4": 0.958904109589041,
        "A5": 0.9814814814814815,
        "B1": 1.0,
        "B2": 0.9230769230769231,
        "B3": 1.0,
        "B4": 1.0,
        "B5": 1.0,
        "B6": 1.0,
        "B7": 1.0,
        "C1": 0.9634146341463414,
        "C2": 0.9518072289156626,
        "C3": 0.95,
        "C4": 0.8780487804878049,
        "D": 0.9390243902439024
    },
    "GWP-biogenic": {
        "A1": 0.8529411764705882,
        "A2": 0.9705882352941176,
        "A3": 1.0,
        "A1-A3": 0.7692307692307693,
        "A4": 0.958904109589041,
        "A5": 0.9814814814814815,
        "B1": 1.0,
        "B2": 1.0,
        "B3": 1.0,
        "B4": 1.0,
        "B5": 1.0,
        "B6": 1.0,
        "B7": 1.0,
        "C1": 0.9634146341463414,
        "C2": 0.963855421686747,
        "C3": 0.9625,
        "C4": 0.8902439024390244,
        "D": 0.8902439024390244
    },
    "GWP-luluc": {
        "A1": 0.8529411764705882,
        "A2": 0.9705882352941176,
        "A3": 1.0,
        "A1-A3": 0.7884615384615384,
        "A4": 0.9041095890410958,
        "A5": 0.9814814814814815,
        "B1": 1.0,
        "B2": 0.9230769230769231,
        "B3": 1.0,
        "B4": 1.0,
        "B5": 1.0,
        "B6": 1.0,
        "B7": 1.0,
        "C1": 0.9146341463414634,
        "C2": 0.9036144578313253,
        "C3": 0.95,
        "C4": 0.8536585365853658,
        "D": 0.8902439024390244
    },
    "ODP": {
        "A1": 0.8378378378378378,
        "A2": 0.972972972972973,
        "A3": 1.0,
        "A1-A3": 0.90625,
        "A4": 0.9375,
        "A5": 0.9322033898305084,
        "B1": 1.0,
        "B2": 0.9285714285714286,
        "B3": 1.0,
        "B4": 1.0,
        "B5": 1.0,
        "B6": 1.0,
        "B7": 1.0,
        "C1": 0.9523809523809523,
        "C2": 0.9090909090909091,
        "C3": 0.9302325581395349,
        "C4": 0.8372093023255814,
        "D": 0.9325842696629213
    },
    "AP": {
        "A1": 0.8378378378378378,
        "A2": 0.972972972972973,
        "A3": 1.0,
        "A1-A3": 0.78125,
        "A4": 0.9,
        "A5": 0.847457627118644,
        "B1": 1.0,
        "B2": 0.9285714285714286,
        "B3": 1.0,
        "B4": 1.0,
        "B5": 1.0,
        "B6": 1.0,
        "B7": 1.0,
        "C1": 0.9047619047619048,
        "C2": 0.8522727272727273,
        "C3": 0.8372093023255814,
        "C4": 0.8488372093023255,
        "D": 0.8539325842696629
    },
    "POCP": {
        "A1": 0.8378378378378378,
        "A2": 0.972972972972973,
        "A3": 1.0,
        "A1-A3": 0.9090909090909091,
        "A4": 0.9583333333333334,
        "A5": 0.9411764705882353,
        "B1": 1.0,
        "B2": 0.9285714285714286,
        "B3": 1.0,
        "B4": 1.0,
        "B5": 1.0,
        "B6": 1.0,
        "B7": 1.0,
        "C1": 0.9473684210526315,
        "C2": 0.9375,
        "C3": 0.9230769230769231,
        "C4": 0.8974358974358975,
        "D": 0.9135802469135802
    },
    "ADPE": {
        "A1": 0.7027027027027027,
        "A2": 0.8108108108108109,
        "A3": 0.8378378378378378,
        "A1-A3": 0.8125,
        "A4": 0.8375,
        "A5": 0.864406779661017,
        "B1": 0.9375,
        "B2": 0.7857142857142857,
        "B3": 0.9090909090909091,
        "B4": 0.8181818181818182,
        "B5": 0.8,
        "B6": 0.9333333333333333,
        "B7": 0.8,
        "C1": 0.8809523809523809,
        "C2": 0.8522727272727273,
        "C3": 0.8372093023255814,
        "C4": 0.7674418604651163,
        "D": 0.8426966292134831
    },
    "ADPF": {
        "A1": 0.7297297297297297,
        "A2": 0.8378378378378378,
        "A3": 0.8648648648648649,
        "A1-A3": 0.828125,
        "A4": 0.8625,
        "A5": 0.8983050847457628,
        "B1": 1.0,
        "B2": 0.7857142857142857,
        "B3": 1.0,
        "B4": 0.9090909090909091,
        "B5": 1.0,
        "B6": 1.0,
        "B7": 1.0,
        "C1": 0.8809523809523809,
        "C2": 0.8636363636363636,
        "C3": 0.8372093023255814,
        "C4": 0.7790697674418605,
        "D": 0.8539325842696629
    },
    "WDP": {
        "A1": 0.8235294117647058,
        "A2": 0.9411764705882353,
        "A3": 0.9705882352941176,
        "A1-A3": 0.9423076923076923,
        "A4": 0.8767123287671232,
        "A5": 0.8518518518518519,
        "B1": 1.0,
        "B2": 0.8461538461538461,
        "B3": 1.0,
        "B4": 0.9090909090909091,
        "B5": 1.0,
        "B6": 1.0,
        "B7": 1.0,
        "C1": 0.8414634146341463,
        "C2": 0.8433734939759037,
        "C3": 0.8375,
        "C4": 0.8414634146341463,
        "D": 0.9146341463414634
    },
    "EP-freshwater": {
        "A1": 0.8529411764705882,
        "A2": 0.9705882352941176,
        "A3": 1.0,
        "A1-A3": 0.8846153846153846,
        "A4": 0.9452054794520548,
        "A5": 0.9259259259259259,
        "B1": 1.0,
        "B2": 0.8461538461538461,
        "B3": 1.0,
        "B4": 0.9090909090909091,
        "B5": 1.0,
        "B6": 1.0,
        "B7": 1.0,
        "C1": 0.9634146341463414,
        "C2": 0.9397590361445783,
        "C3": 0.9375,
        "C4": 0.8536585365853658,
        "D": 0.926829268292683
    },
    "EP-marine": {
        "A1": 0.8529411764705882,
        "A2": 0.9705882352941176,
        "A3": 1.0,
        "A1-A3": 0.7884615384615384,
        "A4": 0.8767123287671232,
        "A5": 0.9629629629629629,
        "B1": 1.0,
        "B2": 0.8461538461538461,
        "B3": 1.0,
        "B4": 0.9090909090909091,
        "B5": 1.0,
        "B6": 1.0,
        "B7": 1.0,
        "C1": 0.8902439024390244,
        "C2": 0.891566265060241,
        "C3": 0.875,
        "C4": 0.8414634146341463,
        "D": 0.9024390243902439
    },
    "EP-terrestrial": {
        "A1": 0.8529411764705882,
        "A2": 0.9705882352941176,
        "A3": 1.0,
        "A1-A3": 0.8461538461538461,
        "A4": 0.863013698630137,
        "A5": 0.8148148148148148,
        "B1": 1.0,
        "B2": 0.8461538461538461,
        "B3": 1.0,
        "B4": 0.9090909090909091,
        "B5": 1.0,
        "B6": 1.0,
        "B7": 1.0,
        "C1": 0.8658536585365854,
        "C2": 0.8192771084337349,
        "C3": 0.85,
        "C4": 0.8414634146341463,
        "D": 0.8658536585365854
    },
    "PM": {
        "A1": 0.84375,
        "A2": 0.9375,
        "A3": 1.0,
        "A1-A3": 0.9361702127659575,
        "A4": 0.9436619718309859,
        "A5": 0.94,
        "B1": 1.0,
        "B2": 0.9230769230769231,
        "B3": 1.0,
        "B4": 1.0,
        "B5": 1.0,
        "B6": 1.0,
        "B7": 1.0,
        "C1": 0.961038961038961,
        "C2": 0.9487179487179487,
        "C3": 0.9466666666666667,
        "C4": 0.8441558441558441,
        "D": 0.961038961038961
    },
    "ETP-fw": {
        "A1": 0.84375,
        "A2": 0.96875,
        "A3": 1.0,
        "A1-A3": 0.8936170212765957,
        "A4": 0.971830985915493,
        "A5": 0.98,
        "B1": 1.0,
        "B2": 0.9230769230769231,
        "B3": 1.0,
        "B4": 1.0,
        "B5": 1.0,
        "B6": 1.0,
        "B7": 1.0,
        "C1": 0.961038961038961,
        "C2": 0.9230769230769231,
        "C3": 0.9333333333333333,
        "C4": 0.8571428571428571,
        "D": 0.948051948051948
    },
    "HTP-c": {
        "A1": 0.84375,
        "A2": 1.0,
        "A3": 0.96875,
        "A1-A3": 0.9148936170212766,
        "A4": 0.971830985915493,
        "A5": 0.96,