{
    "GWP-total": {
        "A1": 0.9444444444444444,
        "A2": 0.9722222222222222,
        "A3": 0.9722222222222222,
        "A1-A3": 0.6190476190476191,
        "A4": 0.9148936170212766,
        "A5": 0.9444444444444444,
        "B1": 1.0,
        "B2": 1.0,
        "B3": 1.0,
        "B4": 1.0,
        "B5": 1.0,
        "B6": 1.0,
        "B7": 1.0,
        "C1": 0.9069767441860465,
        "C2": 0.8666666666666667,
        "C3": 0.8478260869565217,
        "C4": 0.8863636363636364,
        "D": 0.8695652173913043
    },
    "GWP-fossil": {
        "A1": 1.0,
        "A2": 1.0,
        "A3": 1.0,
        "A1-A3": 0.9090909090909091,
        "A4": 0.918918918918919,
        "A5": 0.967741935483871,
        "B1": 1.0,
        "B2": 0.9166666666666666,
        "B3": 1.0,
        "B4": 1.0,
        "B5": 1.0,
        "B6": 1.0,
        "B7": 1.0,
        "C1": 0.9743589743589743,
        "C2": 0.9487179487179487,
        "C3": 0.95,
        "C4": 0.9487179487179487,
        "D": 0.95
    },
    "GWP-biogenic": {
        "A1": 1.0,
        "A2": 1.0,
        "A3": 1.0,
        "A1-A3": 0.6363636363636364,
        "A4": 0.918918918918919,
        "A5": 0.967741935483871,
        "B1": 1.0,
        "B2": 0.9166666666666666,
        "B3": 1.0,
        "B4": 1.0,
        "B5": 1.0,
        "B6": 1.0,
        "B7": 1.0,
        "C1": 0.9743589743589743,
        "C2": 0.9487179487179487,
        "C3": 0.975,
        "C4": 0.9487179487179487,
        "D": 0.925
    },
    "GWP-luluc": {
        "A1": 1.0,
        "A2": 1.0,
        "A3": 1.0,
        "A1-A3": 0.6363636363636364,
        "A4": 0.918918918918919,
        "A5": 0.967741935483871,
        "B1": 1.0,
        "B2": 0.9166666666666666,
        "B3": 1.0,
        "B4": 1.0,
        "B5": 1.0,
        "B6": 1.0,
        "B7": 1.0,
        "C1": 0.9743589743589743,
        "C2": 0.9487179487179487,
        "C3": 0.95,
        "C4": 0.9487179487179487,
        "D": 0.95
    },
    "ODP": {
        "A1": 0.9722222222222222,
        "A2": 0.9166666666666666,
        "A3": 0.9444444444444444,
        "A1-A3": 0.7619047619047619,
        "A4": 0.8936170212765957,
        "A5": 0.8888888888888888,
        "B1": 1.0,
        "B2": 0.9285714285714286,
        "B3": 1.0,
        "B4": 1.0,
        "B5": 1.0,
        "B6": 1.0,
        "B7": 1.0,
        "C1": 0.9534883720930233,
        "C2": 0.8888888888888888,
        "C3": 0.8913043478260869,
        "C4": 0.8636363636363636,
        "D": 0.9347826086956522
    },
    "AP": {
        "A1": 0.9722222222222222,
        "A2": 0.9722222222222222,
        "A3": 0.9722222222222222,
        "A1-A3": 0.6666666666666666,
        "A4": 0.8723404255319149,
        "A5": 0.8611111111111112,
        "B1": 0.9375,
        "B2": 0.9285714285714286,
        "B3": 1.0,
        "B4": 1.0,
        "B5": 1.0,
        "B6": 0.9411764705882353,
        "B7": 0.8888888888888888,
        "C1": 0.9302325581395349,
        "C2": 0.8888888888888888,
        "C3": 0.8478260869565217,
        "C4": 0.9090909090909091,
        "D": 0.8695652173913043
    },
    "POCP": {
        "A1": 0.9722222222222222,
        "A2": 0.9722222222222222,
        "A3": 0.9722222222222222,
        "A1-A3": 0.631578947368421,
        "A4": 0.9111111111111111,
        "A5": 0.9411764705882353,
        "B1": 0.9285714285714286,
        "B2": 0.9285714285714286,
        "B3": 1.0,
        "B4": 1.0,
        "B5": 1.0,
        "B6": 1.0,
        "B7": 1.0,
        "C1": 0.9512195121951219,
        "C2": 0.9069767441860465,
        "C3": 0.8863636363636364,
        "C4": 0.9285714285714286,
        "D": 0.9090909090909091
    },
    "ADPE": {
        "A1": 0.8888888888888888,
        "A2": 0.8888888888888888,
        "A3": 0.8888888888888888,
        "A1-A3": 0.7619047619047619,
        "A4": 0.8297872340425532,
        "A5": 0.8611111111111112,
        "B1": 0.9375,
        "B2": 0.8571428571428571,
        "B3": 0.9,
        "B4": 0.9,
        "B5": 1.0,
        "B6": 0.9411764705882353,
        "B7": 1.0,
        "C1": 0.9069767441860465,
        "C2": 0.8666666666666667,
        "C3": 0.8260869565217391,
        "C4": 0.8409090909090909,
        "D": 0.8695652173913043
    },
    "ADPF": {
        "A1": 0.9166666666666666,
        "A2": 0.9166666666666666,
        "A3": 0.9166666666666666,
        "A1-A3": 0.7142857142857143,
        "A4": 0.8723404255319149,
        "A5": 0.8611111111111112,
        "B1": 0.875,
        "B2": 0.7857142857142857,
        "B3": 0.8,
        "B4": 0.8,
        "B5": 0.875,
        "B6": 0.9411764705882353,
        "B7": 0.8888888888888888,
        "C1": 0.8837209302325582,
        "C2": 0.8444444444444444,
        "C3": 0.7608695652173914,
        "C4": 0.8409090909090909,
        "D": 0.8695652173913043
    },
    "WDP": {
        "A1": 0.9393939393939394,
        "A2": 0.9393939393939394,
        "A3": 0.9393939393939394,
        "A1-A3": 0.9090909090909091,
        "A4": 0.8648648648648649,
        "A5": 0.8387096774193549,
        "B1": 0.9333333333333333,
        "B2": 0.9166666666666666,
        "B3": 0.9,
        "B4": 1.0,
        "B5": 1.0,
        "B6": 1.0,
        "B7": 1.0,
        "C1": 0.8974358974358975,
        "C2": 0.8974358974358975,
        "C3": 0.85,
        "C4": 0.8974358974358975,
        "D": 0.9
    },
    "EP-freshwater": {
        "A1": 0.7575757575757576,
        "A2": 0.7575757575757576,
        "A3": 0.7575757575757576,
        "A1-A3": 0.7272727272727273,
        "A4": 0.7027027027027027,
        "A5": 0.7096774193548387,
        "B1": 1.0,
        "B2": 0.9166666666666666,
        "B3": 1.0,
        "B4": 1.0,
        "B5": 1.0,
        "B6": 0.8125,
        "B7": 1.0,
        "C1": 0.9230769230769231,
        "C2": 0.7435897435897436,
        "C3": 0.75,
        "C4": 0.7435897435897436,
        "D": 0.75
    },
    "EP-marine": {
        "A1": 0.7878787878787878,
        "A2": 0.7878787878787878,
        "A3": 0.7878787878787878,
        "A1-A3": 0.5454545454545454,
        "A4": 0.7297297297297297,
        "A5": 0.7419354838709677,
        "B1": 1.0,
        "B2": 0.9166666666666666,
        "B3": 1.0,
        "B4": 1.0,
        "B5": 1.0,
        "B6": 0.875,
        "B7": 1.0,
        "C1": 0.9230769230769231,
        "C2": 0.7435897435897436,
        "C3": 0.725,
        "C4": 0.7692307692307693,
        "D": 0.75
    },
    "EP-terrestrial": {
        "A1": 0.7878787878787878,
        "A2": 0.7878787878787878,
        "A3": 0.7878787878787878,
        "A1-A3": 0.9090909090909091,
        "A4": 0.7297297297297297,
        "A5": 0.7096774193548387,
        "B1": 0.9333333333333333,
        "B2": 0.8333333333333334,
        "B3": 0.9,
        "B4": 0.8888888888888888,
        "B5": 0.875,
        "B6": 0.875,
        "B7": 0.875,
        "C1": 0.7948717948717948,
        "C2": 0.7435897435897436,
        "C3": 0.75,
        "C4": 0.7692307692307693,
        "D": 0.75
    },
    "PM": {
        "A1": 1.0,
        "A2": 1.0,
        "A3": 0.9696969696969697,
        "A1-A3": 0.8888888888888888,
        "A4": 0.9459459459459459,
        "A5": 0.967741935483871,
        "B1": 1.0,
        "B2": 1.0,
        "B3": 1.0,
        "B4": 1.0,
        "B5": 1.0,
        "B6": 0.9375,
        "B7": 1.0,
        "C1": 0.9743589743589743,
        "C2": 0.9743589743589743,
        "C3": 0.95,
        "C4": 0.9487179487179487,
        "D": 0.975
    },
    "ETP-fw": {
        "A1": 1.0,
        "A2": 1.0,
        "A3": 1.0,
        "A1-A3": 0.8888888888888888,
        "A4": 0.9459459459459459,
        "A5": 0.9354838709677419,
        "B1": 0.9333333333333333,
        "B2": 0.9166666666666666,
        "B3": 1.0,
        "B4": 1.0,
        "B5": 1.0,
        "B6": 1.0,
        "B7": 1.0,
        "C1": 0.9743589743589743,
        "C2": 0.9487179487179487,
        "C3": 0.95,
        "C4": 0.9487179487179487,
        "D": 0.95
    },
    "HTP-c": {
        "A1": 1.0,
        "A2": 1.0,
        "A3": 1.0,
        "A1-A3": 0.8888888888888888,