{
    "GWP-total": {
        "A1": 0.9615384615384616,
        "A2": 0.9615384615384616,
        "A3": 0.9615384615384616,
        "A1-A3": 0.9565217391304348,
        "A4": 0.9285714285714286,
        "A5": 0.9230769230769231,
        "B1": 1.0,
        "B2": 0.5714285714285714,
        "B3": 1.0,
        "B4": 1.0,
        "B5": 1.0,
        "B6": 0.6666666666666666,
        "B7": 1.0,
        "C1": 0.935064935064935,
        "C2": 0.9125,
        "C3": 0.8717948717948718,
        "C4": 0.7848101265822784,
        "D": 0.9024390243902439
    },
    "GWP-fossil": {
        "A1": 1.0,
        "A2": 1.0,
        "A3": 1.0,
        "A1-A3": 0.9636363636363636,
        "A4": 0.9661016949152542,
        "A5": 0.9318181818181818,
        "B1": 1.0,
        "B2": 0.5,
        "B3": 1.0,
        "B4": 1,
        "B5": 1,
        "B6": 0.5,
        "B7": 1,
        "C1": 0.9571428571428572,
        "C2": 0.9295774647887324,
        "C3": 0.8873239436619719,
        "C4": 0.8,
        "D": 0.9305555555555556
    },
    "GWP-biogenic": {
        "A1": 1.0,
        "A2": 1.0,
        "A3": 1.0,
        "A1-A3": 0.8181818181818182,
        "A4": 0.9491525423728814,
        "A5": 0.9545454545454546,
        "B1": 1.0,
        "B2": 0.5,
        "B3": 1.0,
        "B4": 1,
        "B5": 1,
        "B6": 0.5,
        "B7": 1,
        "C1": 0.9571428571428572,
        "C2": 0.9436619718309859,
        "C3": 0.8873239436619719,
        "C4": 0.7714285714285715,
        "D": 0.8472222222222222
    },
    "GWP-luluc": {
        "A1": 0.9523809523809523,
        "A2": 1.0,
        "A3": 1.0,
        "A1-A3": 0.8363636363636363,
        "A4": 0.847457627118644,
        "A5": 0.9318181818181818,
        "B1": 1.0,
        "B2": 0.5,
        "B3": 1.0,
        "B4": 1,
        "B5": 1,
        "B6": 0.5,
        "B7": 1,
        "C1": 0.8428571428571429,
        "C2": 0.8591549295774648,
        "C3": 0.9154929577464789,
        "C4": 0.8,
        "D": 0.8333333333333334
    },
    "ODP": {
        "A1": 0.9615384615384616,
        "A2": 0.8846153846153846,
        "A3": 0.9615384615384616,
        "A1-A3": 0.9710144927536232,
        "A4": 0.8857142857142857,
        "A5": 0.9038461538461539,
        "B1": 1.0,
        "B2": 0.5714285714285714,
        "B3": 0.5,
        "B4": 1.0,
        "B5": 1.0,
        "B6": 0.6666666666666666,
        "B7": 1.0,
        "C1": 0.935064935064935,
        "C2": 0.875,
        "C3": 0.8589743589743589,
        "C4": 0.7468354430379747,
        "D": 0.8902439024390244
    },
    "AP": {
        "A1": 0.9615384615384616,
        "A2": 0.9615384615384616,
        "A3": 0.9615384615384616,
        "A1-A3": 0.8260869565217391,
        "A4": 0.8142857142857143,
        "A5": 0.7884615384615384,
        "B1": 0.9411764705882353,
        "B2": 0.7142857142857143,
        "B3": 0.5,
        "B4": 1.0,
        "B5": 1.0,
        "B6": 0.6666666666666666,
        "B7": 1.0,
        "C1": 0.8181818181818182,
        "C2": 0.8,
        "C3": 0.7692307692307693,
        "C4": 0.7848101265822784,
        "D": 0.7926829268292683
    },
    "POCP": {
        "A1": 0.9230769230769231,
        "A2": 0.9230769230769231,
        "A3": 0.9230769230769231,
        "A1-A3": 0.9166666666666666,
        "A4": 0.9016393442622951,
        "A5": 0.8837209302325582,
        "B1": 0.875,
        "B2": 0.5714285714285714,
        "B3": 0.5,
        "B4": 1.0,
        "B5": 1.0,
        "B6": 0.6666666666666666,
        "B7": 1.0,
        "C1": 0.9264705882352942,
        "C2": 0.8732394366197183,
        "C3": 0.855072463768116,
        "C4": 0.8428571428571429,
        "D": 0.8767123287671232
    },
    "ADPE": {
        "A1": 0.8846153846153846,
        "A2": 0.8846153846153846,
        "A3": 0.8846153846153846,
        "A1-A3": 0.927536231884058,
        "A4": 0.9142857142857143,
        "A5": 0.9230769230769231,
        "B1": 1.0,
        "B2": 0.7142857142857143,
        "B3": 0.5,
        "B4": 1.0,
        "B5": 1.0,
        "B6": 0.6666666666666666,
        "B7": 1.0,
        "C1": 0.935064935064935,
        "C2": 0.9,
        "C3": 0.8717948717948718,
        "C4": 0.759493670886076,
        "D": 0.9024390243902439
    },
    "ADPF": {
        "A1": 0.9230769230769231,
        "A2": 0.9230769230769231,
        "A3": 0.9230769230769231,
        "A1-A3": 0.927536231884058,
        "A4": 0.9285714285714286,
        "A5": 0.9038461538461539,
        "B1": 1.0,
        "B2": 0.7142857142857143,
        "B3": 0.5,
        "B4": 1.0,
        "B5": 1.0,
        "B6": 0.6666666666666666,
        "B7": 1.0,
        "C1": 0.9090909090909091,
        "C2": 0.875,
        "C3": 0.8461538461538461,
        "C4": 0.7341772151898734,
        "D": 0.8780487804878049
    },
    "WDP": {
        "A1": 0.9523809523809523,
        "A2": 0.9523809523809523,
        "A3": 0.9523809523809523,
        "A1-A3": 0.9818181818181818,
        "A4": 0.847457627118644,
        "A5": 0.75,
        "B1": 1.0,
        "B2": 0.5,
        "B3": 1.0,
        "B4": 1,
        "B5": 1,
        "B6": 0.5,
        "B7": 1,
        "C1": 0.8285714285714286,
        "C2": 0.8309859154929577,
        "C3": 0.7887323943661971,
        "C4": 0.8,
        "D": 0.9166666666666666
    },
    "EP-freshwater": {
        "A1": 0.9523809523809523,
        "A2": 0.9523809523809523,
        "A3": 0.9523809523809523,
        "A1-A3": 0.9454545454545454,
        "A4": 0.9661016949152542,
        "A5": 0.9545454545454546,
        "B1": 1.0,
        "B2": 0.6666666666666666,
        "B3": 1.0,
        "B4": 1,
        "B5": 1,
        "B6": 0.5,
        "B7": 1,
        "C1": 0.9714285714285714,
        "C2": 0.9154929577464789,
        "C3": 0.9014084507042254,
        "C4": 0.7714285714285715,
        "D": 0.9166666666666666
    },
    "EP-marine": {
        "A1": 0.9523809523809523,
        "A2": 0.9523809523809523,
        "A3": 0.9523809523809523,
        "A1-A3": 0.8363636363636363,
        "A4": 0.8305084745762712,
        "A5": 0.8636363636363636,
        "B1": 1.0,
        "B2": 0.5,
        "B3": 1.0,
        "B4": 1,
        "B5": 1,
        "B6": 0.5,
        "B7": 1,
        "C1": 0.8285714285714286,
        "C2": 0.8028169014084507,
        "C3": 0.7746478873239436,
        "C4": 0.7857142857142857,
        "D": 0.9027777777777778
    },
    "EP-terrestrial": {
        "A1": 0.9523809523809523,
        "A2": 0.9523809523809523,
        "A3": 0.9523809523809523,
        "A1-A3": 0.9454545454545454,
        "A4": 0.847457627118644,
        "A5": 0.7954545454545454,
        "B1": 1.0,
        "B2": 0.5,
        "B3": 1.0,
        "B4": 1,
        "B5": 1,
        "B6": 0.5,
        "B7": 1,
        "C1": 0.8428571428571429,
        "C2": 0.8169014084507042,
        "C3": 0.8028169014084507,
        "C4": 0.8,
        "D": 0.8194444444444444
    },
    "PM": {
        "A1": 1.0,
        "A2": 1.0,
        "A3": 0.95,
        "A1-A3": 1.0,
        "A4": 0.9642857142857143,
        "A5": 0.9743589743589743,
        "B1": 1.0,
        "B2": 0.6666666666666666,
        "B3": 1.0,
        "B4": 1,
        "B5": 1,
        "B6": 0.5,
        "B7": 1,
        "C1": 0.9538461538461539,
        "C2": 0.9393939393939394,
        "C3": 0.8939393939393939,
        "C4": 0.8153846153846154,
        "D": 0.9242424242424242
    },
    "ETP-fw": {
        "A1": 0.95,
        "A2": 0.95,
        "A3": 0.95,
        "A1-A3": 1.0,
        "A4": 0.9642857142857143,
        "A5": 0.9487179487179487,
        "B1": 1.0,
        "B2": 0.6666666666666666,
        "B3": 1.0,
        "B4": 1,
        "B5": 1,
        "B6": 0.5,
        "B7": 1,
        "C1": 0.9384615384615385,
        "C2": 0.9090909090909091,
        "C3": 0.8787878787878788,
        "C4": 0.7692307692307693,
        "D": 0.8787878787878788
    },
    "HTP-c": {
        "A1": 0.95,
        "A2": 0.95,
        "A3": 0.95,
        "A1-A3": 0.9795918367346939,
        "A4": 0.9642857142857143,
        "A5": 0.9230769230769231,
        "B1": 1.0,