{
    "GWP-total": {
        "A1": 0.9615384615384616,
        "A2": 0.9615384615384616,
        "A3": 0.9615384615384616,
        "A1-A3": 0.9565217391304348,
        "A4": 0.9285714285714286,
        "A5": 0.9230769230769231,
        "B1": 1.0,
        "B2": 0.5714285714285714,
        "B3": 1.0,
        "B4": 1.0,
        "B5": 1.0,
        "B6": 0.6666666666666666,
        "B7": 1.0,
        "C1": 0.935064935064935,
        "C2": 0.9125,
        "C3": 0.8717948717948718,
        "C4": 0.7848101265822784,
        "D": 0.9024390243902439
    },
    "GWP-fossil": {
        "A1": 1.0,
        "A2": 1.0,
        "A3": 1.0,
        "A1-A3": 0.9636363636363636,
        "A4": 0.9661016949152542,
        "A5": 0.9318181818181818,
        "B1": 1.0,
        "B2": 0.5,
        "B3": 1.0,
        "B4": 1,
        "B5": 1,
        "B6": 0.5,
        "B7": 1,
        "C1": 0.9571428571428572,
        "C2": 0.9295774647887324,
        "C3": 0.8873239436619719,
        "C4": 0.8,
        "D": 0.9305555555555556
    },
    "GWP-biogenic": {
        "A1": 1.0,
        "A2": 1.0,
        "A3": 1.0,
        "A1-A3": 0.8181818181818182,
        "A4": 0.9491525423728814,
        "A5": 0.9545454545454546,
        "B1": 1.0,
        "B2": 0.5,
        "B3": 1.0,
        "B4": 1,
        "B5": 1,
        "B6": 0.5,
        "B7": 1,
        "C1": 0.9571428571428572,
        "C2": 0.9436619718309859,
        "C3": 0.8873239436619719,
        "C4": 0.7714285714285715,
        "D": 0.8472222222222222
    },
    "GWP-luluc": {
        "A1": 0.9523809523809523,
        "A2": 1.0,
        "A3": 1.0,
        "A1-A3": 0.8363636363636363,
        "A4": 0.847457627118644,
        "A5": 0.9318181818181818,
        "B1": 1.0,
        "B2": 0.5,
        "B3": 1.0,
        "B4": 1,
        "B5": 1,
        "B6": 0.5,
        "B7": 1,
        "C1": 0.8428571428571429,
        "C2": 0.8591549295774648,
        "C3": 0.9154929577464789,
        "C4": 0.8,
        "D": 0.8333333333333334
    },
    "ODP": {
        "A1": 0.9615384615384616,
        "A2": 0.8846153846153846,
        "A3": 0.9615384615384616,
        "A1-A3": 0.9710144927536232,
        "A4": 0.8857142857142857,
        "A5": 0.9038461538461539,
        "B1": 1.0,
        "B2": 0.5714285714285714,
        "B3": 0.5,
        "B4": 1.0,
        "B5": 1.0,
        "B6": 0.6666666666666666,
        "B7": 1.0,
        "C1": 0.935064935064935,
        "C2": 0.875,
        "C3": 0.8589743589743589,
        "C4": 0.7468354430379747,
        "D": 0.8902439024390244
    },
    "AP": {
        "A1": 0.9615384615384616,
        "A2": 0.9615384615384616,
        "A3": 0.9615384615384616,
        "A1-A3": 0.8260869565217391,
        "A4": 0.8142857142857143,
        "A5": 0.7884615384615384,
        "B1": 0.9411764705882353,
        "B2": 0.7142857142857143,
        "B3": 0.5,
        "B4": 1.0,
        "B5": 1.0,
        "B6": 0.6666666666666666,
        "B7": 1.0,
        "C1": 0.8181818181818182,
        "C2": 0.8,
        "C3": 0.7692307692307693,
        "C4": 0.7848101265822784,
        "D": 0.7926829268292683
    },
    "POCP": {
        "A1": 0.9230769230769231,
        "A2": 0.9230769230769231,
        "A3": 0.9230769230769231,
        "A1-A3": 0.9,
        "A4": 0.8852459016393442,
        "A5": 0.8604651162790697,
        "B1": 0.875,
        "B2": 0.42857142857142855,
        "B3": 0.5,
        "B4": 1.0,
        "B5": 1.0,
        "B6": 0.6666666666666666,
        "B7": 1.0,
        "C1": 0.9117647058823529,
        "C2": 0.8591549295774648,
        "C3": 0.8405797101449275,
        "C4": 0.8285714285714286,
        "D": 0.863013698630137
    },
    "ADPE": {
        "A1": 0.8846153846153846,
        "A2": 0.8846153846153846,
        "A3": 0.8846153846153846,
        "A1-A3": 0.9130434782608695,
        "A4": 0.9,
        "A5": 0.9038461538461539,
        "B1": 1.0,
        "B2": 0.5714285714285714,
        "B3": 0.5,
        "B4": 1.0,
        "B5": 1.0,
        "B6": 0.6666666666666666,
        "B7": 1.0,
        "C1": 0.922077922077922,
        "C2": 0.8875,
        "C3": 0.8589743589743589,
        "C4": 0.7468354430379747,
        "D": 0.8902439024390244
    },
    "ADPF": {
        "A1": 0.9230769230769231,
        "A2": 0.9230769230769231,
        "A3": 0.9230769230769231,
        "A1-A3": 0.9130434782608695,
        "A4": 0.9142857142857143,
        "A5": 0.8846153846153846,
        "B1": 1.0,
        "B2": 0.5714285714285714,
        "B3": 0.5,
        "B4": 1.0,
        "B5": 1.0,
        "B6": 0.6666666666666666,
        "B7": 1.0,
        "C1": 0.8961038961038961,
        "C2": 0.8625,
        "C3": 0.8333333333333334,
        "C4": 0.7215189873417721,
        "D": 0.8658536585365854
    },
    "WDP": {
        "A1": 0.9523809523809523,
        "A2": 0.9523809523809523,
        "A3": 0.9523809523809523,
        "A1-A3": 0.9636363636363636,
        "A4": 0.8305084745762712,
        "A5": 0.7272727272727273,
        "B1": 1.0,
        "B2": 0.3333333333333333,
        "B3": 1.0,
        "B4": 1,
        "B5": 1,
        "B6": 0.5,
        "B7": 1,
        "C1": 0.8142857142857143,
        "C2": 0.8169014084507042,
        "C3": 0.7746478873239436,
        "C4": 0.7857142857142857,
        "D": 0.9027777777777778
    },
    "EP-freshwater": {
        "A1": 0.9523809523809523,
        "A2": 0.9523809523809523,
        "A3": 0.9523809523809523,
        "A1-A3": 0.9272727272727272,
        "A4": 0.9491525423728814,
        "A5": 0.9318181818181818,
        "B1": 1.0,
        "B2": 0.5,
        "B3": 1.0,
        "B4": 1,
        "B5": 1,
        "B6": 0.5,
        "B7": 1,
        "C1": 0.9571428571428572,
        "C2": 0.9014084507042254,
        "C3": 0.9014084507042254,
        "C4": 0.7571428571428571,
        "D": 0.9027777777777778
    },
    "EP-marine": {
        "A1": 0.9523809523809523,
        "A2": 0.9523809523809523,
        "A3": 0.9523809523809523,
        "A1-A3": 0.8181818181818182,
        "A4": 0.8135593220338984,
        "A5": 0.8409090909090909,
        "B1": 1.0,
        "B2": 0.3333333333333333,
        "B3": 1.0,
        "B4": 1,
        "B5": 1,
        "B6": 0.5,
        "B7": 1,
        "C1": 0.8142857142857143,
        "C2": 0.7887323943661971,
        "C3": 0.7605633802816901,
        "C4": 0.7714285714285715,
        "D": 0.8888888888888888
    },
    "EP-terrestrial": {
        "A1": 0.9523809523809523,
        "A2": 0.9523809523809523,
        "A3": 0.9523809523809523,
        "A1-A3": 0.9272727272727272,
        "A4": 0.8305084745762712,
        "A5": 0.7727272727272727,
        "B1": 1.0,
        "B2": 0.3333333333333333,
        "B3": 1.0,
        "B4": 1,
        "B5": 1,
        "B6": 0.5,
        "B7": 1,
        "C1": 0.8285714285714286,
        "C2": 0.8028169014084507,
        "C3": 0.7887323943661971,
        "C4": 0.7857142857142857,
        "D": 0.8055555555555556
    },
    "PM": {
        "A1": 1.0,
        "A2": 1.0,
        "A3": 0.95,
        "A1-A3": 1.0,
        "A4": 0.9642857142857143,
        "A5": 0.9743589743589743,
        "B1": 1.0,
        "B2": 0.6666666666666666,
        "B3": 1.0,
        "B4": 1,
        "B5": 1,
        "B6": 0.5,
        "B7": 1,
        "C1": 0.9538461538461539,
        "C2": 0.9393939393939394,
        "C3": 0.8939393939393939,
        "C4": 0.8153846153846154,
        "D": 0.9242424242424242
    },
    "ETP-fw": {
        "A1": 1.0,
        "A2": 1.0,
        "A3": 1.0,
        "A1-A3": 1.0,
        "A4": 0.9821428571428571,
        "A5": 0.9743589743589743,
        "B1": 1.0,
        "B2": 0.6666666666666666,
        "B3": 1.0,
        "B4": 1,
        "B5": 1,
        "B6": 0.5,
        "B7": 1,
        "C1": 0.9538461538461539,
        "C2": 0.9242424242424242,
        "C3": 0.8939393939393939,
        "C4": 0.7846153846153846,
        "D": 0.8939393939393939
    },
    "HTP-c": {
        "A1": 1.0,
        "A2": 1.0,
        "A3": 1.0,
        "A1-A3": 0.9591836734693877,
        "A4": 0.9642857142857143,